Workbook

Sheet 데이터 입력
A1: 상수도 유수율 관리 — 데이터 입력
A2: 급수구역 | B2: 1월 | C2: 2월 | D2: 3월 | E2: 4월 | F2: 5월 | G2: 6월 | H2: 7월 | I2: 8월 | J2: 9월 | K2: 10월 | L2: 11월 | M2: 12월 | N2: 연간합계 | O2: 목표유수율(%)
A3: 1구역 급수량(㎥) | N3: =SUM(B3:M3) | O3: 85
A4: 1구역 유수량(㎥) | N4: =SUM(B4:M4)
A5: 2구역 급수량(㎥) | N5: =SUM(B5:M5) | O5: 86
A6: 2구역 유수량(㎥) | N6: =SUM(B6:M6)
A7: 3구역 급수량(㎥) | N7: =SUM(B7:M7) | O7: 84
A8: 3구역 유수량(㎥) | N8: =SUM(B8:M8)
A9: 4구역 급수량(㎥) | N9: =SUM(B9:M9) | O9: 87
A10: 4구역 유수량(㎥) | N10: =SUM(B10:M10)
A11: 5구역 급수량(㎥) | N11: =SUM(B11:M11) | O11: 85
A12: 5구역 유수량(㎥) | N12: =SUM(B12:M12)
A13: 6구역 급수량(㎥) | N13: =SUM(B13:M13) | O13: 83
A14: 6구역 유수량(㎥) | N14: =SUM(B14:M14)
A15: 7구역 급수량(㎥) | N15: =SUM(B15:M15) | O15: 86
A16: 7구역 유수량(㎥) | N16: =SUM(B16:M16)
A17: 8구역 급수량(㎥) | N17: =SUM(B17:M17) | O17: 85
A18: 8구역 유수량(㎥) | N18: =SUM(B18:M18)
A20: 시스템 전체 급수량(㎥) | B20: =B3+B5+B7+B9+B11+B13+B15+B17 | C20: =C3+C5+C7+C9+C11+C13+C15+C17 | D20: =D3+D5+D7+D9+D11+D13+D15+D17 | E20: =E3+E5+E7+E9+E11+E13+E15+E17 | F20: =F3+F5+F7+F9+F11+F13+F15+F17 | G20: =G3+G5+G7+G9+G11+G13+G15+G17 | H20: =H3+H5+H7+H9+H11+H13+H15+H17 | I20: =I3+I5+I7+I9+I11+I13+I15+I17 | ... M20: =M3+M5+M7+M9+M11+M13+M15+M17 | N20: =SUM(B20:M20)
A21: 시스템 전체 유수량(㎥) | B21: =B4+B6+B8+B10+B12+B14+B16+B18 | C21: =C4+C6+C8+C10+C12+C14+C16+C18 | D21: =D4+D6+D8+D10+D12+D14+D16+D18 | E21: =E4+E6+E8+E10+E12+E14+E16+E18 | F21: =F4+F6+F8+F10+F12+F14+F16+F18 | G21: =G4+G6+G8+G10+G12+G14+G16+G18 | H21: =H4+H6+H8+H10+H12+H14+H16+H18 | I21: =I4+I6+I8+I10+I12+I14+I16+I18 | ... M21: =M4+M6+M8+M10+M12+M14+M16+M18 | N21: =SUM(B21:M21)

Sheet 유수율 현황
A1: 상수도 유수율 현황
A2: 급수구역 | B2: 1월 | C2: 2월 | D2: 3월 | E2: 4월 | F2: 5월 | G2: 6월 | H2: 7월 | I2: 8월 | J2: 9월 | K2: 10월 | L2: 11월 | M2: 12월 | N2: 연간평균(%) | O2: 목표유수율(%)
A3: 1구역 | B3: =IF('데이터 입력'!B3=0,"",'데이터 입력'!B4/'데이터 입력'!B3*100) | C3: =IF('데이터 입력'!C3=0,"",'데이터 입력'!C4/'데이터 입력'!C3*100) | D3: =IF('데이터 입력'!D3=0,"",'데이터 입력'!D4/'데이터 입력'!D3*100) | E3: =IF('데이터 입력'!E3=0,"",'데이터 입력'!E4/'데이터 입력'!E3*100) | F3: =IF('데이터 입력'!F3=0,"",'데이터 입력'!F4/'데이터 입력'!F3*100) | G3: =IF('데이터 입력'!G3=0,"",'데이터 입력'!G4/'데이터 입력'!G3*100) | H3: =IF('데이터 입력'!H3=0,"",'데이터 입력'!H4/'데이터 입력'!H3*100) | I3: =IF('데이터 입력'!I3=0,"",'데이터 입력'!I4/'데이터 입력'!I3*100) | ... M3: =IF('데이터 입력'!M3=0,"",'데이터 입력'!M4/'데이터 입력'!M3*100) | N3: =IFERROR(AVERAGEIF(B3:M3,"<>"""),"") | O3: ='데이터 입력'!O3
A4: 2구역 | B4: =IF('데이터 입력'!B5=0,"",'데이터 입력'!B6/'데이터 입력'!B5*100) | C4: =IF('데이터 입력'!C5=0,"",'데이터 입력'!C6/'데이터 입력'!C5*100) | D4: =IF('데이터 입력'!D5=0,"",'데이터 입력'!D6/'데이터 입력'!D5*100) | E4: =IF('데이터 입력'!E5=0,"",'데이터 입력'!E6/'데이터 입력'!E5*100) | F4: =IF('데이터 입력'!F5=0,"",'데이터 입력'!F6/'데이터 입력'!F5*100) | G4: =IF('데이터 입력'!G5=0,"",'데이터 입력'!G6/'데이터 입력'!G5*100) | H4: =IF('데이터 입력'!H5=0,"",'데이터 입력'!H6/'데이터 입력'!H5*100) | I4: =IF('데이터 입력'!I5=0,"",'데이터 입력'!I6/'데이터 입력'!I5*100) | ... M4: =IF('데이터 입력'!M5=0,"",'데이터 입력'!M6/'데이터 입력'!M5*100) | N4: =IFERROR(AVERAGEIF(B4:M4,"<>"""),"") | O4: ='데이터 입력'!O5
A5: 3구역 | B5: =IF('데이터 입력'!B7=0,"",'데이터 입력'!B8/'데이터 입력'!B7*100) | C5: =IF('데이터 입력'!C7=0,"",'데이터 입력'!C8/'데이터 입력'!C7*100) | D5: =IF('데이터 입력'!D7=0,"",'데이터 입력'!D8/'데이터 입력'!D7*100) | E5: =IF('데이터 입력'!E7=0,"",'데이터 입력'!E8/'데이터 입력'!E7*100) | F5: =IF('데이터 입력'!F7=0,"",'데이터 입력'!F8/'데이터 입력'!F7*100) | G5: =IF('데이터 입력'!G7=0,"",'데이터 입력'!G8/'데이터 입력'!G7*100) | H5: =IF('데이터 입력'!H7=0,"",'데이터 입력'!H8/'데이터 입력'!H7*100) | I5: =IF('데이터 입력'!I7=0,"",'데이터 입력'!I8/'데이터 입력'!I7*100) | ... M5: =IF('데이터 입력'!M7=0,"",'데이터 입력'!M8/'데이터 입력'!M7*100) | N5: =IFERROR(AVERAGEIF(B5:M5,"<>"""),"") | O5: ='데이터 입력'!O7
A6: 4구역 | B6: =IF('데이터 입력'!B9=0,"",'데이터 입력'!B10/'데이터 입력'!B9*100) | C6: =IF('데이터 입력'!C9=0,"",'데이터 입력'!C10/'데이터 입력'!C9*100) | D6: =IF('데이터 입력'!D9=0,"",'데이터 입력'!D10/'데이터 입력'!D9*100) | E6: =IF('데이터 입력'!E9=0,"",'데이터 입력'!E10/'데이터 입력'!E9*100) | F6: =IF('데이터 입력'!F9=0,"",'데이터 입력'!F10/'데이터 입력'!F9*100) | G6: =IF('데이터 입력'!G9=0,"",'데이터 입력'!G10/'데이터 입력'!G9*100) | H6: =IF('데이터 입력'!H9=0,"",'데이터 입력'!H10/'데이터 입력'!H9*100) | I6: =IF('데이터 입력'!I9=0,"",'데이터 입력'!I10/'데이터 입력'!I9*100) | ... M6: =IF('데이터 입력'!M9=0,"",'데이터 입력'!M10/'데이터 입력'!M9*100) | N6: =IFERROR(AVERAGEIF(B6:M6,"<>"""),"") | O6: ='데이터 입력'!O9
A7: 5구역 | B7: =IF('데이터 입력'!B11=0,"",'데이터 입력'!B12/'데이터 입력'!B11*100) | C7: =IF('데이터 입력'!C11=0,"",'데이터 입력'!C12/'데이터 입력'!C11*100) | D7: =IF('데이터 입력'!D11=0,"",'데이터 입력'!D12/'데이터 입력'!D11*100) | E7: =IF('데이터 입력'!E11=0,"",'데이터 입력'!E12/'데이터 입력'!E11*100) | F7: =IF('데이터 입력'!F11=0,"",'데이터 입력'!F12/'데이터 입력'!F11*100) | G7: =IF('데이터 입력'!G11=0,"",'데이터 입력'!G12/'데이터 입력'!G11*100) | H7: =IF('데이터 입력'!H11=0,"",'데이터 입력'!H12/'데이터 입력'!H11*100) | I7: =IF('데이터 입력'!I11=0,"",'데이터 입력'!I12/'데이터 입력'!I11*100) | ... M7: =IF('데이터 입력'!M11=0,"",'데이터 입력'!M12/'데이터 입력'!M11*100) | N7: =IFERROR(AVERAGEIF(B7:M7,"<>"""),"") | O7: ='데이터 입력'!O11
A8: 6구역 | B8: =IF('데이터 입력'!B13=0,"",'데이터 입력'!B14/'데이터 입력'!B13*100) | C8: =IF('데이터 입력'!C13=0,"",'데이터 입력'!C14/'데이터 입력'!C13*100) | D8: =IF('데이터 입력'!D13=0,"",'데이터 입력'!D14/'데이터 입력'!D13*100) | E8: =IF('데이터 입력'!E13=0,"",'데이터 입력'!E14/'데이터 입력'!E13*100) | F8: =IF('데이터 입력'!F13=0,"",'데이터 입력'!F14/'데이터 입력'!F13*100) | G8: =IF('데이터 입력'!G13=0,"",'데이터 입력'!G14/'데이터 입력'!G13*100) | H8: =IF('데이터 입력'!H13=0,"",'데이터 입력'!H14/'데이터 입력'!H13*100) | I8: =IF('데이터 입력'!I13=0,"",'데이터 입력'!I14/'데이터 입력'!I13*100) | ... M8: =IF('데이터 입력'!M13=0,"",'데이터 입력'!M14/'데이터 입력'!M13*100) | N8: =IFERROR(AVERAGEIF(B8:M8,"<>"""),"") | O8: ='데이터 입력'!O13
A9: 7구역 | B9: =IF('데이터 입력'!B15=0,"",'데이터 입력'!B16/'데이터 입력'!B15*100) | C9: =IF('데이터 입력'!C15=0,"",'데이터 입력'!C16/'데이터 입력'!C15*100) | D9: =IF('데이터 입력'!D15=0,"",'데이터 입력'!D16/'데이터 입력'!D15*100) | E9: =IF('데이터 입력'!E15=0,"",'데이터 입력'!E16/'데이터 입력'!E15*100) | F9: =IF('데이터 입력'!F15=0,"",'데이터 입력'!F16/'데이터 입력'!F15*100) | G9: =IF('데이터 입력'!G15=0,"",'데이터 입력'!G16/'데이터 입력'!G15*100) | H9: =IF('데이터 입력'!H15=0,"",'데이터 입력'!H16/'데이터 입력'!H15*100) | I9: =IF('데이터 입력'!I15=0,"",'데이터 입력'!I16/'데이터 입력'!I15*100) | ... M9: =IF('데이터 입력'!M15=0,"",'데이터 입력'!M16/'데이터 입력'!M15*100) | N9: =IFERROR(AVERAGEIF(B9:M9,"<>"""),"") | O9: ='데이터 입력'!O15
A10: 8구역 | B10: =IF('데이터 입력'!B17=0,"",'데이터 입력'!B18/'데이터 입력'!B17*100) | C10: =IF('데이터 입력'!C17=0,"",'데이터 입력'!C18/'데이터 입력'!C17*100) | D10: =IF('데이터 입력'!D17=0,"",'데이터 입력'!D18/'데이터 입력'!D17*100) | E10: =IF('데이터 입력'!E17=0,"",'데이터 입력'!E18/'데이터 입력'!E17*100) | F10: =IF('데이터 입력'!F17=0,"",'데이터 입력'!F18/'데이터 입력'!F17*100) | G10: =IF('데이터 입력'!G17=0,"",'데이터 입력'!G18/'데이터 입력'!G17*100) | H10: =IF('데이터 입력'!H17=0,"",'데이터 입력'!H18/'데이터 입력'!H17*100) | I10: =IF('데이터 입력'!I17=0,"",'데이터 입력'!I18/'데이터 입력'!I17*100) | ... M10: =IF('데이터 입력'!M17=0,"",'데이터 입력'!M18/'데이터 입력'!M17*100) | N10: =IFERROR(AVERAGEIF(B10:M10,"<>"""),"") | O10: ='데이터 입력'!O17
A12: 시스템 전체 | B12: =IF(('데이터 입력'!B3+'데이터 입력'!B5+'데이터 입력'!B7+'데이터 입력'!B9+'데이터 입력'!B11+'데이터 입력'!B13+'데이터 입력'!B15+'데이터 입력'!B17)=0,"",('데이터 입력'!B4+'데이터 입력'!B6+'데이터 입력'!B8+'데이터 입력'!B10+'데이터 입력'!B12+'데이터 입력'!B14+'데이터 입력'!B16+'데이터 입력'!B18)/('데이터 입력'!B3+'데이터 입력'!B5+'데이터 입력'!B7+'데이터 입력'!B9+'데이터 입력'!B11+'데이터 입력'!B13+'데이터 입력'!B15+'데이터 입력'!B17)*100) | C12: =IF(('데이터 입력'!C3+'데이터 입력'!C5+'데이터 입력'!C7+'데이터 입력'!C9+'데이터 입력'!C11+'데이터 입력'!C13+'데이터 입력'!C15+'데이터 입력'!C17)=0,"",('데이터 입력'!C4+'데이터 입력'!C6+'데이터 입력'!C8+'데이터 입력'!C10+'데이터 입력'!C12+'데이터 입력'!C14+'데이터 입력'!C16+'데이터 입력'!C18)/('데이터 입력'!C3+'데이터 입력'!C5+'데이터 입력'!C7+'데이터 입력'!C9+'데이터 입력'!C11+'데이터 입력'!C13+'데이터 입력'!C15+'데이터 입력'!C17)*100) | D12: =IF(('데이터 입력'!D3+'데이터 입력'!D5+'데이터 입력'!D7+'데이터 입력'!D9+'데이터 입력'!D11+'데이터 입력'!D13+'데이터 입력'!D15+'데이터 입력'!D17)=0,"",('데이터 입력'!D4+'데이터 입력'!D6+'데이터 입력'!D8+'데이터 입력'!D10+'데이터 입력'!D12+'데이터 입력'!D14+'데이터 입력'!D16+'데이터 입력'!D18)/('데이터 입력'!D3+'데이터 입력'!D5+'데이터 입력'!D7+'데이터 입력'!D9+'데이터 입력'!D11+'데이터 입력'!D13+'데이터 입력'!D15+'데이터 입력'!D17)*100) | E12: =IF(('데이터 입력'!E3+'데이터 입력'!E5+'데이터 입력'!E7+'데이터 입력'!E9+'데이터 입력'!E11+'데이터 입력'!E13+'데이터 입력'!E15+'데이터 입력'!E17)=0,"",('데이터 입력'!E4+'데이터 입력'!E6+'데이터 입력'!E8+'데이터 입력'!E10+'데이터 입력'!E12+'데이터 입력'!E14+'데이터 입력'!E16+'데이터 입력'!E18)/('데이터 입력'!E3+'데이터 입력'!E5+'데이터 입력'!E7+'데이터 입력'!E9+'데이터 입력'!E11+'데이터 입력'!E13+'데이터 입력'!E15+'데이터 입력'!E17)*100) | F12: =IF(('데이터 입력'!F3+'데이터 입력'!F5+'데이터 입력'!F7+'데이터 입력'!F9+'데이터 입력'!F11+'데이터 입력'!F13+'데이터 입력'!F15+'데이터 입력'!F17)=0,"",('데이터 입력'!F4+'데이터 입력'!F6+'데이터 입력'!F8+'데이터 입력'!F10+'데이터 입력'!F12+'데이터 입력'!F14+'데이터 입력'!F16+'데이터 입력'!F18)/('데이터 입력'!F3+'데이터 입력'!F5+'데이터 입력'!F7+'데이터 입력'!F9+'데이터 입력'!F11+'데이터 입력'!F13+'데이터 입력'!F15+'데이터 입력'!F17)*100) | G12: =IF(('데이터 입력'!G3+'데이터 입력'!G5+'데이터 입력'!G7+'데이터 입력'!G9+'데이터 입력'!G11+'데이터 입력'!G13+'데이터 입력'!G15+'데이터 입력'!G17)=0,"",('데이터 입력'!G4+'데이터 입력'!G6+'데이터 입력'!G8+'데이터 입력'!G10+'데이터 입력'!G12+'데이터 입력'!G14+'데이터 입력'!G16+'데이터 입력'!G18)/('데이터 입력'!G3+'데이터 입력'!G5+'데이터 입력'!G7+'데이터 입력'!G9+'데이터 입력'!G11+'데이터 입력'!G13+'데이터 입력'!G15+'데이터 입력'!G17)*100) | H12: =IF(('데이터 입력'!H3+'데이터 입력'!H5+'데이터 입력'!H7+'데이터 입력'!H9+'데이터 입력'!H11+'데이터 입력'!H13+'데이터 입력'!H15+'데이터 입력'!H17)=0,"",('데이터 입력'!H4+'데이터 입력'!H6+'데이터 입력'!H8+'데이터 입력'!H10+'데이터 입력'!H12+'데이터 입력'!H14+'데이터 입력'!H16+'데이터 입력'!H18)/('데이터 입력'!H3+'데이터 입력'!H5+'데이터 입력'!H7+'데이터 입력'!H9+'데이터 입력'!H11+'데이터 입력'!H13+'데이터 입력'!H15+'데이터 입력'!H17)*100) | I12: =IF(('데이터 입력'!I3+'데이터 입력'!I5+'데이터 입력'!I7+'데이터 입력'!I9+'데이터 입력'!I11+'데이터 입력'!I13+'데이터 입력'!I15+'데이터 입력'!I17)=0,"",('데이터 입력'!I4+'데이터 입력'!I6+'데이터 입력'!I8+'데이터 입력'!I10+'데이터 입력'!I12+'데이터 입력'!I14+'데이터 입력'!I16+'데이터 입력'!I18)/('데이터 입력'!I3+'데이터 입력'!I5+'데이터 입력'!I7+'데이터 입력'!I9+'데이터 입력'!I11+'데이터 입력'!I13+'데이터 입력'!I15+'데이터 입력'!I17)*100) | ... M12: =IF(('데이터 입력'!M3+'데이터 입력'!M5+'데이터 입력'!M7+'데이터 입력'!M9+'데이터 입력'!M11+'데이터 입력'!M13+'데이터 입력'!M15+'데이터 입력'!M17)=0,"",('데이터 입력'!M4+'데이터 입력'!M6+'데이터 입력'!M8+'데이터 입력'!M10+'데이터 입력'!M12+'데이터 입력'!M14+'데이터 입력'!M16+'데이터 입력'!M18)/('데이터 입력'!M3+'데이터 입력'!M5+'데이터 입력'!M7+'데이터 입력'!M9+'데이터 입력'!M11+'데이터 입력'!M13+'데이터 입력'!M15+'데이터 입력'!M17)*100) | N12: =IFERROR(AVERAGEIF(B12:M12,"<>"""),"")

Sheet 종합 현황
A1: 상수도 유수율 종합 현황
A3: ▶ 월별 유수율 추이 (시스템 전체)
A4: 월 | B4: 유수율(%) | C4: 목표유수율(%)
A5: 1월 | B5: ='유수율 현황'!B12 | C5: =IFERROR(AVERAGE('유수율 현황'!O3:O10),"")
A6: 2월 | B6: ='유수율 현황'!C12 | C6: =IFERROR(AVERAGE('유수율 현황'!O3:O10),"")
A7: 3월 | B7: ='유수율 현황'!D12 | C7: =IFERROR(AVERAGE('유수율 현황'!O3:O10),"")
A8: 4월 | B8: ='유수율 현황'!E12 | C8: =IFERROR(AVERAGE('유수율 현황'!O3:O10),"")
A9: 5월 | B9: ='유수율 현황'!F12 | C9: =IFERROR(AVERAGE('유수율 현황'!O3:O10),"")
A10: 6월 | B10: ='유수율 현황'!G12 | C10: =IFERROR(AVERAGE('유수율 현황'!O3:O10),"")
A11: 7월 | B11: ='유수율 현황'!H12 | C11: =IFERROR(AVERAGE('유수율 현황'!O3:O10),"")
A12: 8월 | B12: ='유수율 현황'!I12 | C12: =IFERROR(AVERAGE('유수율 현황'!O3:O10),"")
A13: 9월 | B13: ='유수율 현황'!J12 | C13: =IFERROR(AVERAGE('유수율 현황'!O3:O10),"")
A14: 10월 | B14: ='유수율 현황'!K12 | C14: =IFERROR(AVERAGE('유수율 현황'!O3:O10),"")
A15: 11월 | B15: ='유수율 현황'!L12 | C15: =IFERROR(AVERAGE('유수율 현황'!O3:O10),"")
A16: 12월 | B16: ='유수율 현황'!M12 | C16: =IFERROR(AVERAGE('유수율 현황'!O3:O10),"")
A18: ▶ 급수구역별 연간 달성 현황
A19: 급수구역 | B19: 연간평균(%) | C19: 목표유수율(%) | D19: 달성여부 | E19: 목표대비(%p)
A20: 1구역 | B20: ='유수율 현황'!N3 | C20: ='유수율 현황'!O3 | D20: =IF(B20="","",IF(B20>=C20,"달성","미달")) | E20: =IF(B20="","",B20-C20)
A21: 2구역 | B21: ='유수율 현황'!N4 | C21: ='유수율 현황'!O4 | D21: =IF(B21="","",IF(B21>=C21,"달성","미달")) | E21: =IF(B21="","",B21-C21)
A22: 3구역 | B22: ='유수율 현황'!N5 | C22: ='유수율 현황'!O5 | D22: =IF(B22="","",IF(B22>=C22,"달성","미달")) | E22: =IF(B22="","",B22-C22)
A23: 4구역 | B23: ='유수율 현황'!N6 | C23: ='유수율 현황'!O6 | D23: =IF(B23="","",IF(B23>=C23,"달성","미달")) | E23: =IF(B23="","",B23-C23)
A24: 5구역 | B24: ='유수율 현황'!N7 | C24: ='유수율 현황'!O7 | D24: =IF(B24="","",IF(B24>=C24,"달성","미달")) | E24: =IF(B24="","",B24-C24)
A25: 6구역 | B25: ='유수율 현황'!N8 | C25: ='유수율 현황'!O8 | D25: =IF(B25="","",IF(B25>=C25,"달성","미달")) | E25: =IF(B25="","",B25-C25)
A26: 7구역 | B26: ='유수율 현황'!N9 | C26: ='유수율 현황'!O9 | D26: =IF(B26="","",IF(B26>=C26,"달성","미달")) | E26: =IF(B26="","",B26-C26)
A27: 8구역 | B27: ='유수율 현황'!N10 | C27: ='유수율 현황'!O10 | D27: =IF(B27="","",IF(B27>=C27,"달성","미달")) | E27: =IF(B27="","",B27-C27)
A28: 시스템 전체 | B28: ='유수율 현황'!N12 | C28: =IFERROR(AVERAGE('유수율 현황'!O3:O10),"") | D28: =IF(B28="","",IF(B28>=C28,"달성","미달")) | E28: =IF(B28="","",B28-C28)
A30: 색상 기준: ■ 초록(달성, 유수율≥목표) ■ 노랑(근접, 목표-5%p≤유수율<목표) ■ 빨강(미달, 유수율<목표-5%p)
